web_scraper_order,web_scraper_start_url,Type,prix,adresse,image
"1767368141-1,""https://sn.coinafrique.com/categorie/chaussures-enfants?page=8"",""Chaussures   enfant"",""Prix sur demande"",""Dakar, Sénégal"",""https://images.coinafrique.com/thumb_905416_uploaded_image1_1567528250.24.png"""
"1767368141-2,""https://sn.coinafrique.com/categorie/chaussures-enfants?page=8"",""Chaussures  enfant"",""Prix sur demande"",""Dakar, Sénégal"",""https://images.coinafrique.com/thumb_905412_uploaded_image1_1567528198.79.png"""
"1767368141-3,""https://sn.coinafrique.com/categorie/chaussures-enfants?page=8"",""Chaussures enfant"",""Prix sur demande"",""Dakar, Sénégal"",""https://images.coinafrique.com/thumb_905410_uploaded_image1_1567528155.93.png"""
"1767368141-4,""https://sn.coinafrique.com/categorie/chaussures-enfants?page=8"",""Chaussures enfant"",""Prix sur demande"",""Dakar, Sénégal"",""https://images.coinafrique.com/thumb_905406_uploaded_image1_1567528116.55.png"""
"1767368141-5,""https://sn.coinafrique.com/categorie/chaussures-enfants?page=8"",""Chaussures  enfant"",""Prix sur demande"",""Dakar, Sénégal"",""https://images.coinafrique.com/thumb_905401_uploaded_image1_1567528046.76.png"""
"1767368141-6,""https://sn.coinafrique.com/categorie/chaussures-enfants?page=8"",""Chaussures enfant"",""Prix sur demande"",""Dakar, Sénégal"",""https://images.coinafrique.com/thumb_905399_uploaded_image1_1567528008.97.png"""
"1767368141-7,""https://sn.coinafrique.com/categorie/chaussures-enfants?page=8"",""Chaussures enfant"",""Prix sur demande"",""Dakar, Sénégal"",""https://images.coinafrique.com/thumb_905397_uploaded_image1_1567527975.86.png"""
"1767368141-8,""https://sn.coinafrique.com/categorie/chaussures-enfants?page=8"",""Chaussures enfant"",""Prix sur demande"",""Dakar, Sénégal"",""https://images.coinafrique.com/thumb_905394_uploaded_image1_1567527922.13.png"""
"1767368141-9,""https://sn.coinafrique.com/categorie/chaussures-enfants?page=8"",""Chaussures enfant"",""Prix sur demande"",""Dakar, Sénégal"",""https://images.coinafrique.com/thumb_905388_uploaded_image1_1567527880.73.png"""
"1767368141-10,""https://sn.coinafrique.com/categorie/chaussures-enfants?page=8"",""chaussures  enfant"",""Prix sur demande"",""Dakar, Sénégal"",""https://images.coinafrique.com/thumb_905385_uploaded_image1_1567527792.61.png"""
"1767368141-11,""https://sn.coinafrique.com/categorie/chaussures-enfants?page=8"",""Chaussures  enfant"",""Prix sur demande"",""Dakar, Sénégal"",""https://images.coinafrique.com/thumb_905383_uploaded_image1_1567527755.2.png"""
"1767368141-12,""https://sn.coinafrique.com/categorie/chaussures-enfants?page=8"",""Chaussures enfant"",""Prix sur demande"",""Dakar, Sénégal"",""https://images.coinafrique.com/thumb_905378_uploaded_image1_1567527715.54.png"""
"1767368141-13,""https://sn.coinafrique.com/categorie/chaussures-enfants?page=8"",""Chaussures pour enfant"",""Prix sur demande"",""Dakar, Sénégal"",""https://images.coinafrique.com/thumb_905376_uploaded_image1_1567527683.78.png"""
"1767368141-14,""https://sn.coinafrique.com/categorie/chaussures-enfants?page=8"",""Chaussures enfant"",""Prix sur demande"",""Dakar, Sénégal"",""https://images.coinafrique.com/thumb_905373_uploaded_image1_1567527650.34.png"""
"1767368141-15,""https://sn.coinafrique.com/categorie/chaussures-enfants?page=8"",""Chaussures enfant"",""Prix sur demande"",""Dakar, Sénégal"",""https://images.coinafrique.com/thumb_905369_uploaded_image1_1567527617.39.png"""
"1767368141-16,""https://sn.coinafrique.com/categorie/chaussures-enfants?page=8"",""Chaussures enfant"",""Prix sur demande"",""Dakar, Sénégal"",""https://images.coinafrique.com/thumb_905367_uploaded_image1_1567527588.75.png"""
"1767368141-17,""https://sn.coinafrique.com/categorie/chaussures-enfants?page=8"",""Chaussures enfant"",""Prix sur demande"",""Dakar, Sénégal"",""https://images.coinafrique.com/thumb_905365_uploaded_image1_1567527559.02.png"""
"1767368141-18,""https://sn.coinafrique.com/categorie/chaussures-enfants?page=8"",""Chaussures enfant"",""Prix sur demande"",""Dakar, Sénégal"",""https://images.coinafrique.com/thumb_905363_uploaded_image1_1567527530.77.png"""
"1767368141-19,""https://sn.coinafrique.com/categorie/chaussures-enfants?page=8"",""Chaussures enfant"",""Prix sur demande"",""Dakar, Sénégal"",""https://images.coinafrique.com/thumb_905360_uploaded_image1_1567527475.22.png"""
"1767368141-20,""https://sn.coinafrique.com/categorie/chaussures-enfants?page=8"",""Chaussures pour enfant"",""Prix sur demande"",""Dakar, Sénégal"",""https://images.coinafrique.com/thumb_905353_uploaded_image1_1567527349.0.png"""
"1767368141-21,""https://sn.coinafrique.com/categorie/chaussures-enfants?page=8"",""Baskets"",""12 000CFA"",""Dakar, Sénégal"",""https://images.coinafrique.com/thumb_902727_uploaded_image1_1567471565.75.png"""
"1767368141-22,""https://sn.coinafrique.com/categorie/chaussures-enfants?page=8"",""Chaussures Enfants"",""12 000CFA"",""Dakar, Sénégal"",""https://images.coinafrique.com/thumb_902724_uploaded_image1_1567471369.88.png"""
"1767368141-23,""https://sn.coinafrique.com/categorie/chaussures-enfants?page=8"",""Chaussures enfants"",""10 000CFA"",""Sénégal"",""https://images.coinafrique.com/thumb_894314_uploaded_image1_1567188587.1.png"""
"1767368141-24,""https://sn.coinafrique.com/categorie/chaussures-enfants?page=8"",""Claquettes enfant"",""8 000CFA"",""Sénégal"",""https://images.coinafrique.com/thumb_894267_uploaded_image1_1567187400.66.png"""
"1767368141-25,""https://sn.coinafrique.com/categorie/chaussures-enfants?page=8"",""Chaussures Baskets"",""15 000CFA"",""Sénégal"",""https://images.coinafrique.com/thumb_894226_uploaded_image1_1567186853.35.png"""
"1767368141-26,""https://sn.coinafrique.com/categorie/chaussures-enfants?page=8"",""Chaussures enfants"",""8 000CFA"",""Sénégal"",""https://images.coinafrique.com/thumb_894185_uploaded_image1_1567186147.73.png"""
"1767368141-27,""https://sn.coinafrique.com/categorie/chaussures-enfants?page=8"",""Chaussures"",""Prix sur demande"",""Dakar, Sénégal"",""https://images.coinafrique.com/thumb_892623_uploaded_image1_1567161532.45.png"""
"1767368141-28,""https://sn.coinafrique.com/categorie/chaussures-enfants?page=8"",""Chaussures enfant"",""Prix sur demande"",""Dakar, Sénégal"",""https://images.coinafrique.com/thumb_892617_uploaded_image1_1567161496.62.png"""
"1767368141-29,""https://sn.coinafrique.com/categorie/chaussures-enfants?page=8"",""Chaussures enfant"",""Prix sur demande"",""Dakar, Sénégal"",""https://images.coinafrique.com/thumb_892611_uploaded_image1_1567161455.24.png"""
"1767368141-30,""https://sn.coinafrique.com/categorie/chaussures-enfants?page=8"",""Chaussures enfant"",""Prix sur demande"",""Dakar, Sénégal"",""https://images.coinafrique.com/thumb_892593_uploaded_image1_1567161453.51.png"""
"1767368141-31,""https://sn.coinafrique.com/categorie/chaussures-enfants?page=8"",""Chaussures pour enfant"",""13 000CFA"",""Sénégal"",""https://images.coinafrique.com/thumb_884530_uploaded_image1_1566983419.29.png"""
"1767368141-32,""https://sn.coinafrique.com/categorie/chaussures-enfants?page=8"",""Chaussures enfant"",""7 500CFA"",""Cambérène, Dakar, Sénégal"",""https://images.coinafrique.com/thumb_878809_uploaded_image1_1566841399.24.png"""
"1767368141-33,""https://sn.coinafrique.com/categorie/chaussures-enfants?page=8"",""Chaussures enfant"",""7 500CFA"",""Sénégal"",""https://images.coinafrique.com/thumb_878800_uploaded_image1_1566841283.51.png"""
"1767368141-34,""https://sn.coinafrique.com/categorie/chaussures-enfants?page=8"",""Ensemble talon"",""15 000CFA"",""Cambérène, Dakar, Sénégal"",""https://images.coinafrique.com/thumb_861833_uploaded_image1_1566391948.31.png"""
"1767368141-35,""https://sn.coinafrique.com/categorie/chaussures-enfants?page=8"",""Chaussures enfant"",""6 000CFA"",""Les Parcelles Assainies, Dakar, Sénégal"",""https://images.coinafrique.com/thumb_854221_uploaded_image1_1566227990.03.png"""
"1767368141-36,""https://sn.coinafrique.com/categorie/chaussures-enfants?page=8"",""Chaussures enfant"",""8 500CFA"",""Cambérène, Dakar, Sénégal"",""https://images.coinafrique.com/thumb_848875_uploaded_image1_1566050610.48.png"""
"1767368141-37,""https://sn.coinafrique.com/categorie/chaussures-enfants?page=8"",""Mocassins Enfant"",""Prix sur demande"",""Les Parcelles Assainies, Dakar, Sénégal"",""https://images.coinafrique.com/thumb_838292_uploaded_image1_1565733704.96.png"""
"1767368141-38,""https://sn.coinafrique.com/categorie/chaussures-enfants?page=8"",""Chaussures Enfant"",""8 000CFA"",""Les Parcelles Assainies, Dakar, Sénégal"",""https://images.coinafrique.com/thumb_838285_uploaded_image1_1565733521.41.png"""
"1767368141-39,""https://sn.coinafrique.com/categorie/chaussures-enfants?page=8"",""Chaussures enfant"",""8 000CFA"",""Les Parcelles Assainies, Dakar, Sénégal"",""https://images.coinafrique.com/thumb_825843_uploaded_image1_1565308869.98.png"""
"1767368141-40,""https://sn.coinafrique.com/categorie/chaussures-enfants?page=8"",""Chaussures enfant"",""8 000CFA"",""Les Parcelles Assainies, Dakar, Sénégal"",""https://images.coinafrique.com/thumb_824543_uploaded_image1_1565279780.97.png"""
"1767368141-41,""https://sn.coinafrique.com/categorie/chaussures-enfants?page=8"",""Chaussures enfant"",""Prix sur demande"",""Dakar, Sénégal"",""https://images.coinafrique.com/thumb_813318_uploaded_image1_1565013222.75.png"""
"1767368141-42,""https://sn.coinafrique.com/categorie/chaussures-enfants?page=8"",""Chaussures enfant"",""Prix sur demande"",""Dakar, Sénégal"",""https://images.coinafrique.com/thumb_813303_uploaded_image1_1565013123.95.png"""
"1767368141-43,""https://sn.coinafrique.com/categorie/chaussures-enfants?page=8"",""Chaussures enfant"",""Prix sur demande"",""Dakar, Sénégal"",""https://images.coinafrique.com/thumb_813299_uploaded_image1_1565012935.88.png"""
"1767368141-44,""https://sn.coinafrique.com/categorie/chaussures-enfants?page=8"",""Chaussures enfant"",""Prix sur demande"",""Dakar, Sénégal"",""https://images.coinafrique.com/thumb_813287_uploaded_image1_1565012771.79.png"""
"1767368141-45,""https://sn.coinafrique.com/categorie/chaussures-enfants?page=8"",""Chaussures enfant"",""Prix sur demande"",""Dakar, Sénégal"",""https://images.coinafrique.com/thumb_813282_uploaded_image1_1565012680.37.png"""
"1767368141-46,""https://sn.coinafrique.com/categorie/chaussures-enfants?page=8"",""Chaussures enfant"",""Prix sur demande"",""Dakar, Sénégal"",""https://images.coinafrique.com/thumb_813272_uploaded_image1_1565012560.04.png"""
"1767368141-47,""https://sn.coinafrique.com/categorie/chaussures-enfants?page=8"",""Chaussures enfant"",""Prix sur demande"",""Dakar, Sénégal"",""https://images.coinafrique.com/thumb_813239_uploaded_image1_1565012155.7.png"""
"1767368141-48,""https://sn.coinafrique.com/categorie/chaussures-enfants?page=8"",""Chaussures enfant"",""Prix sur demande"",""Dakar, Sénégal"",""https://images.coinafrique.com/thumb_813230_uploaded_image1_1565011989.51.png"""
"1767368141-49,""https://sn.coinafrique.com/categorie/chaussures-enfants?page=8"",""Chaussures enfant"",""Prix sur demande"",""Dakar, Sénégal"",""https://images.coinafrique.com/thumb_813228_uploaded_image1_1565011936.11.png"""
"1767368141-50,""https://sn.coinafrique.com/categorie/chaussures-enfants?page=8"",""Chaussures enfant"",""Prix sur demande"",""Dakar, Sénégal"",""https://images.coinafrique.com/thumb_813226_uploaded_image1_1565011851.3.png"""
"1767368141-51,""https://sn.coinafrique.com/categorie/chaussures-enfants?page=8"",""Chaussures enfant"",""Prix sur demande"",""Dakar, Sénégal"",""https://images.coinafrique.com/thumb_813222_uploaded_image1_1565011799.02.png"""
"1767368141-52,""https://sn.coinafrique.com/categorie/chaussures-enfants?page=8"",""Chaussures enfant"",""Prix sur demande"",""Dakar, Sénégal"",""https://images.coinafrique.com/thumb_813213_uploaded_image1_1565011607.36.png"""
"1767368141-53,""https://sn.coinafrique.com/categorie/chaussures-enfants?page=8"",""Chaussures enfant"",""Prix sur demande"",""Dakar, Sénégal"",""https://images.coinafrique.com/thumb_813210_uploaded_image1_1565011527.31.png"""
"1767368141-54,""https://sn.coinafrique.com/categorie/chaussures-enfants?page=8"",""Chaussures enfant"",""Prix sur demande"",""Dakar, Sénégal"",""https://images.coinafrique.com/thumb_813206_uploaded_image1_1565011464.28.png"""
"1767368141-55,""https://sn.coinafrique.com/categorie/chaussures-enfants?page=8"",""Chaussures enfant"",""Prix sur demande"",""Dakar, Sénégal"",""https://images.coinafrique.com/thumb_813203_uploaded_image1_1565011424.68.png"""
"1767368141-56,""https://sn.coinafrique.com/categorie/chaussures-enfants?page=8"",""Chaussures enfant"",""Prix sur demande"",""Dakar, Sénégal"",""https://images.coinafrique.com/thumb_813196_uploaded_image1_1565011238.23.png"""
"1767368141-57,""https://sn.coinafrique.com/categorie/chaussures-enfants?page=8"",""Chaussures enfants"",""Prix sur demande"",""Dakar, Sénégal"",""https://images.coinafrique.com/thumb_811210_uploaded_image1_1564948595.79.png"""
"1767368141-58,""https://sn.coinafrique.com/categorie/chaussures-enfants?page=8"",""Talons rasés"",""Prix sur demande"",""Sénégal"",""https://images.coinafrique.com/thumb_801336_uploaded_image1_1564654599.57.png"""
"1767368141-59,""https://sn.coinafrique.com/categorie/chaussures-enfants?page=8"",""Chaussures talons fillette"",""Prix sur demande"",""Sénégal"",""https://images.coinafrique.com/thumb_801329_uploaded_image1_1564654543.94.png"""
"1767368141-60,""https://sn.coinafrique.com/categorie/chaussures-enfants?page=8"",""Talons fillette"",""Prix sur demande"",""Sénégal"",""https://images.coinafrique.com/thumb_801320_uploaded_image1_1564654471.2.png"""
"1767368141-61,""https://sn.coinafrique.com/categorie/chaussures-enfants?page=8"",""Chaussures enfant"",""Prix sur demande"",""Biscuiterie, Dakar, Sénégal"",""https://images.coinafrique.com/thumb_799556_uploaded_image1_1564591363.49.png"""
"1767368141-62,""https://sn.coinafrique.com/categorie/chaussures-enfants?page=8"",""Chaussures enfant"",""Prix sur demande"",""Petit-Mbao, Dakar, Sénégal"",""https://images.coinafrique.com/thumb_799181_uploaded_image1_1564584908.27.png"""
"1767368141-63,""https://sn.coinafrique.com/categorie/chaussures-enfants?page=8"",""Chaussures mocassins enfant"",""Prix sur demande"",""Les Parcelles Assainies, Dakar, Sénégal"",""https://images.coinafrique.com/thumb_797188_uploaded_image1_1564528106.05.png"""
"1767368141-64,""https://sn.coinafrique.com/categorie/chaussures-enfants?page=8"",""Chaussures enfants"",""Prix sur demande"",""Fann, Dakar, Sénégal"",""https://images.coinafrique.com/thumb_796883_uploaded_image1_1564515565.66.png"""
"1767368141-65,""https://sn.coinafrique.com/categorie/chaussures-enfants?page=8"",""Chaussures enfants"",""Prix sur demande"",""Fann, Dakar, Sénégal"",""https://images.coinafrique.com/thumb_796881_uploaded_image1_1564515527.51.png"""
"1767368141-66,""https://sn.coinafrique.com/categorie/chaussures-enfants?page=8"",""Chaussures enfant"",""Prix sur demande"",""Fann, Dakar, Sénégal"",""https://images.coinafrique.com/thumb_796879_uploaded_image1_1564515493.31.png"""
"1767368141-67,""https://sn.coinafrique.com/categorie/chaussures-enfants?page=8"",""Chaussures enfant"",""4 000CFA"",""Sénégal"",""https://images.coinafrique.com/thumb_792468_uploaded_image1_1564410485.85.png"""
"1767368141-68,""https://sn.coinafrique.com/categorie/chaussures-enfants?page=8"",""Chaussures enfant"",""Prix sur demande"",""Point E, Dakar, Sénégal"",""https://images.coinafrique.com/thumb_792099_uploaded_image1_1564403460.51.png"""
"1767368141-69,""https://sn.coinafrique.com/categorie/chaussures-enfants?page=8"",""Chaussures enfant"",""Prix sur demande"",""Point E, Dakar, Sénégal"",""https://images.coinafrique.com/thumb_792044_uploaded_image1_1564402826.19.png"""
"1767368141-70,""https://sn.coinafrique.com/categorie/chaussures-enfants?page=8"",""Chaussures enfant"",""Prix sur demande"",""Point E, Dakar, Sénégal"",""https://images.coinafrique.com/thumb_792041_uploaded_image1_1564402795.9.png"""
"1767368141-71,""https://sn.coinafrique.com/categorie/chaussures-enfants?page=8"",""Chaussures enfant"",""Prix sur demande"",""Point E, Dakar, Sénégal"",""https://images.coinafrique.com/thumb_792038_uploaded_image1_1564402766.76.png"""
"1767368141-72,""https://sn.coinafrique.com/categorie/chaussures-enfants?page=8"",""Claquettes  enfants"",""Prix sur demande"",""Sénégal"",""https://images.coinafrique.com/thumb_781661_uploaded_image1_1564075024.17.png"""
"1767368141-73,""https://sn.coinafrique.com/categorie/chaussures-enfants?page=8"",""Chaussures enfant"",""Prix sur demande"",""Guédiawaye, Dakar, Sénégal"",""https://images.coinafrique.com/thumb_750022_uploaded_image1_1563279678.59.png"""
"1767368141-74,""https://sn.coinafrique.com/categorie/chaussures-enfants?page=8"",""Chaussures enfant"",""Prix sur demande"",""Guédiawaye, Dakar, Sénégal"",""https://images.coinafrique.com/thumb_750016_uploaded_image1_1563279645.35.png"""
